{
  "data": [
    {
      "name": "Brokerage Account 3",
      "marketValue": 1999990,
      "cash": 1995826,
      "legend": "orange"
    },
    {
      "name": "Account 3",
      "marketValue": 1949990,
      "cash": 1695856,
      "legend": "darkorange"
    },
    {
      "name": "Brokerage Account 1",
      "marketValue": 1349990,
      "cash": 1595866,
      "legend": "red"
    },
    {
      "name": "Brokerage Account 4",
      "marketValue": 155990,
      "cash": 160826,
      "legend": "blue"
    },
    {
      "name": "Brokerage Account 2",
      "marketValue": 74560,
      "cash": 19956,
      "legend": "gray"
    },
    {
      "name": "Account 4",
      "marketValue": 55006,
      "cash": 53006,
      "legend": "salmon"
    },
    {
      "name": "Account 13",
      "marketValue": 37340,
      "cash": 0,
      "legend": "green"
    },
    {
      "name": "Joint Account 1",
      "marketValue": 28308,
      "cash": 4167,
      "legend": "darkblue"
    },
    {
      "name": "Joint Account 2",
      "marketValue": 10000,
      "cash": 10000,
      "legend": "teal"
    }
  ]
}